{
  "project_info": {
    "project_number": "22508790661",
    "firebase_url": "https://soft-apps-studio.firebaseio.com",
    "project_id": "soft-apps-studio",
    "storage_bucket": "soft-apps-studio.appspot.com"
  },
  "client": [
    {
      "client_info": {
        "mobilesdk_app_id": "1:22508790661:android:b5ce35e74312cca9",
        "android_client_info": {
          "package_name": "com.softappsstudio.best.hd.free.wallpapers"
        }
      },
      "oauth_client": [
        {
          "client_id": "22508790661-r8t1t9pq327b4faqtrt6vkum2adujm0m.apps.googleusercontent.com",
          "client_type": 3
        }
      ],
      "api_key": [
        {
          "current_key": "AIzaSyDAvViBMACVrheN1m4Gsk6pspfb7LE6kGg"
        }
      ],
      "services": {
        "analytics_service": {
          "status": 1
        },
        "appinvite_service": {
          "status": 1,
          "other_platform_oauth_client": []
        },
        "ads_service": {
          "status": 2
        }
      }
    }
  ],
  "configuration_version": "1"
}